sede_id,sede_desc_ingles,pais_iso_3,sede_tipo,redes_sociales
EANGO,Embassy  in  Angola,AGO,Embajada,https://www.facebook.com/ArgentinaEnAngola/  //  https://www.instagram.com/embargentinaenangola/  // 
EEARB,Embassy  in  the  United  Arab  Emirates,ARE,Embajada,https://www.facebook.com/ArgentinaEnEmiratosArabesUnidos  //
EARME,Embassy  in  Armenia,ARM,Embajada,https://www.instagram.com/arginarmenia/  //  https://www.facebook.com/ArgentinaEnArmenia  //  https://twitter.com/ARGinArmenia  //
CSIDN,Consulate  General  in  Sydney,AUS,Consulado,https://www.facebook.com/ArgentinaEnSidney/  //
EAUST,Embassy  in  Australia,AUS,Embajada,https://www.facebook.com/ArgentinaEnAustralia/  //  https://twitter.com/ARGinAustralia  //
ETRIA,Embassy  in  Austria,AUT,Embajada,https://www.facebook.com/ArgentinaEnAustria/  //  https://twitter.com/ARGenViena  //  https://www.instagram.com/argenviena/  //
EAZER,Embassy  in  Azerbaijan,AZE,Embajada,https://www.facebook.com/EmbassyOfArgentina/  //  www.instagram.com/embargentinaaz  //  www.twitter.com/ARGEnAzer  //
EBELG,Embassy  in  Belgium,BEL,Embajada,https://www.facebook.com/ArgentinaEnBelgica/  //  https://www.instagram.com/argenbelgica/  //
ECEUR,Embassy  to  the  European  Union,BEL,Misión  Permanente,https://www.facebook.com/ARGanteUE  //  https://www.linkedin.com/company/arganteue  //  https://twitter.com/ARGanteUE  //  https://www.youtube.com/@ARGanteUE  //  https://www.flickr.com/people/197084220@N02/  //
EBANG,Embassy  in  Bangladesh,BGD,Embajada,
EBULG,Embassy  in  Bulgaria,BGR,Embajada,https://www.facebook.com/ArgentinaEnBulgaria/  //  https://www.youtube.com/channel/UCK-uSxN84lEMqJwCviEjZow  //
CSCRS,Consulate  General  and  Promotion  Center  in  Santa  Cruz,BOL,Consulado  General  y  Centro  de  Promoción,www.instagram.com/consuladoargentinoscz  //  https://www.facebook.com/people/Consulado-de-la-Rep%C3%BAblica-Argentina-en-Santa-Cruz-de-la-Sierra/100069410160459/?mibextid=ZbWKwL  //  
CGPAZ,Consulate  General  in  La  Paz,BOL,Consulado,
CTARI,Consulate  General  in  Tarija,BOL,Consulado,
CCOCH,Consulate  in  Cochabamba,BOL,Consulado,wwww.facebook.com/ArgentinaEnCochabamba  //
CVILL,Consulate  in  Villazon,BOL,Consulado,https://www.facebook.com/ArgEnVillazon  //
CYACU,Consulate  in  Yacuiba,BOL,Consulado,
EBOLV,Embassy  in  Bolivia,BOL,Embajada,https://twitter.com/embaargbolivia/  //  https://www.facebook.com/EmbajadaArgentinaBolivia/  //  https://www.instagram.com/embajada_argentina_en_bolivia/  //
CPABL,Consulate  General  and  Promotion  Center  in  Sao  Paolo,BRA,Consulado  General  y  Centro  de  Promoción,consuladoargentinosp@gmail.com  //
CALEG,Consulate  General  in  PORTO  ALEGRE,BRA,Consulado,https://twitter.com/ArgPortoAlegre  //  https://www.facebook.com/ArgentinaEnPortoAlegre/  //  https://www.instagram.com/argenportoalegre/  //
CRIOJ,Consulate  General  in  Rio  de  Janeiro,BRA,Consulado,https://www.facebook.com/ArgentinaEnRiodeJaneiro/  //
CBELO,Consulate  in  Belo  Horizonte,BRA,Consulado,https://www.facebook.com/ArgentinaEnBeloHorizonte/  //  https://twitter.com/consgralbelo  //  https://www.instagram.com/consgralbelo/  //
CCURI,Consulate  in  Curitiba,BRA,Consulado,https://www.facebook.com/ArgEnCuritiba/  //  https://instagram.com/argEncuritiba  //  https://twitter.com/ARGenCuri  //
CFLOR,Consulate  in  Florianopolis,BRA,Consulado,https://www.instagram.com/argenflorianopolis/  //  https://www.facebook.com/cflor.mrecic.gov.ar  //  
CFDIG,Consulate  in  Foz  do  Iguacu,BRA,Consulado,https://twitter.com/argentinaenfoz  //  https://www.facebook.com/ArgentinaEnFozDeIguazu  //  https://www.instagram.com/argentinaenfoz/  //
CRECI,Consulate  in  Recife,BRA,Consulado,https://www.facebook.com/ArgentinaEnBrasilRecife  //  https://www.instagram.com/consuladoargentinorecife  //
CSBAH,Consulate  in  Sao  Salvador  de  Bahia,BRA,Consulado,https://www.instagram.com/argentinaensalvador  //  https://www.facebook.com/ArgentinaenSalvador  //  https://twitter.com/ArgentinaEnSSA  //
CURUG,Consulate  in  Uruguayana,BRA,Consulado,https://www.facebook.com/ArgEnUruguayana/  //  https://twitter.com/CURUGoK  //
EBRAS,Embassy  in  Brazil,BRA,Embajada,https://www.instagram.com/embaargenbrasil  //  https://twitter.com/ArgentinaEnBras  //  https://www.facebook.com/embargbrasil  //
EBARB,Embassy  in  Barbados,BRB,Embajada,https://www.facebook.com/ArgentinaEnBarbados/  //
CMREA,Consulate  General  in  Montreal,CAN,Consulado,
CTORO,Consulate  General  in  Toronto,CAN,Consulado,https://www.facebook.com/ArgentinaEnToronto/  //  https://www.instagram.com/consuladoargtoronto/  //
CGVAN,Consulate  General  in  Vancouver,CAN,Consulado,
ECANA,Embassy  in  Canada,CAN,Embajada,https://www.facebook.com/ArgentinaInCanada  //  https://www.youtube.com/channel/UC77DGXZ2ppExRtV4WS4IV-A  //  https://twitter.com/ArginCanada  //  https://www.instagram.com/argentinaincanada/  //  https://www.linkedin.com/company/argentinaincanada  //
ESUIZ,Embassy  in  Switzerland,CHE,Embajada,
EOIRS,Permanent  Mission  to  the  International  Organisations  in  Geneve,CHE,Misión  Permanente,https://www.facebook.com/ArgentinaEnGinebra  //  www.instagram.com/misionargentinaonu  //  https://twitter.com/ArgentinaONUOMC    //  https://www.youtube.com/channel/UCSOsChik8j7nFJZnPq6K7Ag  //
CAREN,Consulate  General  in  Punta  Arenas,CHL,Consulado,https://www.facebook.com/profile.php?id=100014152878593  //
CSIGO,Consulate  General  in  Santiago,CHL,Consulado,
CVALP,Consulate  General  in  Valparaiso,CHL,Consulado,https://www.facebook.com/ArgentinaEnValparaiso  //
CANTO,Consulate  in  ANTOFAGASTA,CHL,Consulado,https://www.facebook.com/Consulado-de-la-Rep%C3%BAblica-Argentina-en-Antofagasta-255728465291743/  //
CCONC,Consulate  in  Concepcion,CHL,Consulado,
CPMON,Consulate  in  Puerto  Montt,CHL,Consulado,https://www.facebook.com/ArgentinaEnPuertoMontt/  //
EHILE,Embassy  in  Chile,CHL,Embajada,https://twitter.com/EmbArgEnChile  //  https://www.facebook.com/EmbArgentinaEnChile  //  https://www.instagram.com/embargenchile/  //
OCCAT,Argentine  Commercial  and  Cultural  Office  in  Taiwan,CHN,Consulado,
CBEIJ,Consular  Section  in  Beijing,CHN,Consulado,
CSHAN,Consulate  General  and  Promotion  Center  in  Shangai,CHN,Consulado  General  y  Centro  de  Promoción,
CGUAN,Consulate  General  in  Guangzhou,CHN,Consulado,
CHONG,Consulate  General  in  Hong  Kong,CHN,Consulado,
ECHIN,Embassy  in  China,CHN,Embajada,https://www.facebook.com/ArgentinaEnChina/ //
ECOLO,Embassy  in  Colombia,COL,Embajada,https://twitter.com/ArgColombia/  //  https://www.facebook.com/ArgColombia/?ref=bookmarks  //  https://www.instagram.com/argentinaencolombia/  //
ERICA,Embassy  in  Costa  Rica,CRI,Embajada,https://www.facebook.com/argentinaencostarica/  //
ECUBA,Embassy  in  Cuba,CUB,Embajada,https://www.facebook.com/ArgentinaEnCubaLaHabana/  //
ECHES,Embassy  in  Czechia,CZE,Embajada,https://www.facebook.com/ArgentinaEnRepCheca/  //  https://www.instagram.com/argentinaenpraga  //
CFRAN,Consulate  General  and  Promotion  Center  in  Frankfurt,DEU,Consulado  General  y  Centro  de  Promoción,
CHAMB,Consulate  General  in  Hamburg,DEU,Consulado,
CBONN,Consulate  in  Bonn,DEU,Consulado,https://www.facebook.com/ConsuladoArgentinoenBonn  //  http://www.instagram.com/consulado.argentino.bonn  //
EALEM,Embassy  in  GERMANY,DEU,Embajada,https://www.facebook.com/ArgEnAlemania/  //
EDINA,Embassy  in  Danmark,DNK,Embajada,https://www.facebook.com/EmbajadadeArgentinaenDinamarca/  //
EDOMI,Embassy  in  Dominican  Republic,DOM,Embajada,https://es-la.facebook.com/ArgentinaEnRepublicaDominicana/  //
EARGE,Embassy  in  Algeria,DZA,Embajada,https://twitter.com/ARGenArgelia  //  https://instagram.com/argenargelia  //  facebook.com/ArgentinaEnArgelia  //
CGUAY,Consulate  in  Guayaquil,ECU,Consulado,
EECUA,Embassy  in  Ecuador,ECU,Embajada,https://www.facebook.com/Argentina-en-Ecuador-772092829594964/?ref=bookmarks  //  https://instagram.com/argentinaenecuador?igshid=1pzlw4ojakxjh  //  https://www.youtube.com/channel/UC7FnoaJNif8jQLyBb4QDKng  //
EEGIP,Embassy  in  Egypt,EGY,Embajada,instagram.com/argenegipto/  //  twitter.com/ARGenEgipto  //  facebook.com/ArgentinaenEgipto  //
CBARC,Consulate  General  and  Promotion  Center  in  Barcelona,ESP,Consulado  General  y  Centro  de  Promoción,facebook.com/ArgEnBarcelona  //  twitter.com/ARGenBarcelona  //  instagram.com/argenbarcelona  //  Consulado  Argentino  en  Barcelona  //  linkedin.com/company/consulado-y-centro-de-promoci%C3%B3n-de-la-republica-argentina-en-barcelona/mycompany/  //
CMADR,Consulate  General  in  Madrid,ESP,Consulado,https://www.facebook.com/ArgentinaEnMadridEsp/  //
CVIGO,Consulate  General  in  Vigo,ESP,Consulado,facebook.com/ArgentinaenVigo  //  https://www.instagram.com/argenvigo/  //
CCADI,Consulate  in  Cadiz,ESP,Consulado,www.facebook.com/ArgentinaEnCadiz  //
CMALL,Consulate  in  Palma,ESP,Consulado,https://www.facebook.com/ArgentinaEnPalmaDeMallorca  //
CTENE,Consulate  in  Tenerife,ESP,Consulado,www.facebook.com/argentinaentenerife  //
EESPA,Embassy  in  Spain,ESP,Embajada,https://twitter.com/ARGenesp  //  https://www.facebook.com/argenespa/  //  https://www.instagram.com/argenespa/  //
EETIO,Embassy  in  Ethiopia,ETH,Embajada,https://www.facebook.com/ArgEnEtiopia/  //  https://twitter.com/ArEthiopia/  //  https://www.instagram.com/embaargenetiopia/  // 
EFINL,Embassy  in  Finland,FIN,Embajada,www.facebook.com/ArgentinaEnFinlandia/  //  www.instagram.com/argenfinlandia/  //
EFRAN,Embassy  in  France,FRA,Embajada,https://www.facebook.com/ArgentinaEnFrancia/  //
EUNES,"Permanent  Delegation  to  the  United  Nations  Educational, Scientific  and  Cultural  Organization",FRA,Misión  Permanente,https://twitter.com/ArgentinaUNESCO  //  https://www.facebook.com/delegation.argentine/  //
CLOND,Consulate  General  in  London,GBR,Consulado,https://www.instagram.com/consuladoargentinoenlondres/  //
ERUNI,Embassy  in  United  Kingdom,GBR,Embajada,https://twitter.com/ARGinUK  //  https://www.facebook.com/ARGinUK/  //  https://www.flickr.com/photos/138300767@N07/albums  //  https://www.instagram.com/arginuk/  //  https://www.youtube.com/channel/UCzaGU10f-77SR56kini9-1g/videos?view_as=subscriber  //
EGREC,Embassy  in  Greece,GRC,Embajada,https://www.facebook.com/ArgentinaEnGrecia  //  https://www.youtube.com/channel/UCFaKsErEs33zEdzJbnrzOog/featured  //
EGUAT,Embassy  in  Guatemala,GTM,Embajada,
EGUYA,Embassy  in  Guyana,GUY,Embajada,
EHOND,Embassy  in  Honduras,HND,Embajada,https://www.facebook.com/ArgentinaEnHonduras/  //  Embajada  Argentina  en  Honduras  //
EHAIT,Embassy  in  Haiti,HTI,Embajada,
EUNGR,Embassy  in  Hungary,HUN,Embajada,https://www.facebook.com/ArgentinaEnHungria  //
EISIA,Embassy  in  Indonesia,IDN,Embajada,https://www.instagram.com/argentinaindonesia //
CGMUM,Consulate  General  and  Promotion  Center  in  Mumbai,IND,Consulado  General  y  Centro  de  Promoción,https://www.facebook.com/argenmumbai  //  https://www.instagram.com/argenmumbai  //  https://twitter.com/cgmum1  //
EINDI,Embassy  in  India,IND,Embajada,https://twitter.com/ArgentinaEnInd  //  https://www.facebook.com/ArgentinaEnInd  //  https://www.instagram.com/argentinaenind/  //
EIRLA,Embassy  in  Irlanda,IRL,Embajada,https://www.facebook.com/ArgentinaEnIrlanda/  //  https://www.instagram.com/embajadaargentinairlanda  //
EIRAN,Embassy  in  Iran,IRN,Embajada,
CGTEL,Consulate  General  in  Tel  Aviv,ISR,Consulado,https://www.facebook.com/ArgentinaEnIsrael/  //
EISRA,Embassy  in  Israel,ISR,Embajada,https://www.facebook.com/ArgEnIsrael  //  https://twitter.com/argenisrael  //
CMILA,Consulate  General  and  Promotion  Center  in  Milan,ITA,Consulado  General  y  Centro  de  Promoción,https://www.facebook.com/ConsuladoArgentinoenMilan  //  https://www.instagram.com/consuladoargentinoenmilan/  //  https://www.youtube.com/channel/UCZdYeN4gttYEyX15xxkUNWQ  //
CROMA,Consulate  General  in  Rome,ITA,Consulado,https://www.facebook.com/ArgEnRoma/  //  https://www.instagram.com/consuladoargentinoenroma/  //
EITAL,Embassy  in  Italy,ITA,Embajada,https://es-la.facebook.com/emb.roma/  //  https://twitter.com/arginitalia?lang=es  //  https://www.instagram.com/arginitalia/?hl=es  //
EMFAO,Permanent  Mission  to  the  United  Nations  Organisation  for  Food  and  Agriculture,ITA,Misión  Permanente,https://twitter.com/ArgenFao //
EJAMA,Embassy  in  Jamaica,JAM,Embajada,https://www.facebook.com/ArgentinaEnJamaica/  //  https://twitter.com/ARGenJamaica  //  argentinaenjamaica  //
EJAPO,Embassy  in  Japan,JPN,Embajada,embajadaargentinaenjapon  //  https://www.facebook.com/ArgJapon/?ref=bookmarks  //
EKENY,Embassy  in  Kenya,KEN,Embajada,www.facebook.com/ArgentinaEnKenia  //  https://www.instagram.com/argenkenya/  //
ECORE,Embassy  in  South  Korea,KOR,Embajada,https://www.facebook.com/ArgentinaEnCorea/  //  https://www.instagram.com/embajadaargentinaencorea1/?hl=es  //
EKUWA,Embassy  in  Kuwait,KWT,Embajada,www.facebook.com/ArgentinaenKuwait  //
ELBIA,Embassy  in  Libya,LBY,Embajada,
ELUCI,Embassy  in  Saint  Lucia,LCA,Embajada,
EMARR,Embassy  in  Morocco,MAR,Embajada,https://www.instagram.com/marruecos.embajada/  //  https://twitter.com/ArgMarruecos  //
CMEXI,Consulate  General  in  Mexico,MEX,Consulado,
CPCAR,Consulate  in  Playa  del  Carmen,MEX,Consulado,
EMEXI,Embassy  in  Mexico,MEX,Embajada,https://twitter.com/@ARGenMexico  //  https://www.facebook.com/ARGenMexico/  //  https://www.instagram.com/embargenmexico/  //  https://www.youtube.com/user/EmbaArgenMX  //
EMOZA,Embassy  in  Mozambique,MOZ,Embajada,https://www.facebook.com/ArgentinaEnMozambique/  //  argenmozambique  //
EMSIA,Embassy  in  Malaysia,MYS,Embajada,https://www.facebook.com/ArgentinaEnMalasia  //
ENIGE,Embassy  in  Nigeria,NGA,Embajada,https://www.facebook.com/ArgentinaEnNigeria/  //  https://www.instagram.com/embargennigeria/?igshid=f0laoeu8lhv8  //
ENICA,Embassy  in  Nicaragua,NIC,Embajada,https://facebook.com/ArgentinaEnNicaragua  //  https://instagram.com/argennicaragua  //
EPBAJ,Embassy  in  Netherlands,NLD,Embajada,https://www.facebook.com/ArgEnPaisesBajos/  //  https://twitter.com/ArgentinaEnPB  //
ENORU,Embassy  in  Norway,NOR,Embajada,https://www.facebook.com/ArgentinaEnNoruega/  //  https://www.instagram.com/ARGenNoruega/  //
ENZEL,Embassy  in  New  Zeland,NZL,Embajada,
EPAKI,Embassy  in  Pakistan,PAK,Embajada,https://twitter.com/EmbajadadeArge1  //
EPNMA,Embassy  in  Panama,PAN,Embajada,https://facebook.com/ArgentinaEnPanama  //
CLIMA,Consulate  General  in  Lima,PER,Consulado,
EPERU,Embassy  in  Peru,PER,Embajada,https://twitter.com/Emb_Arg_Peru  //  https://www.facebook.com/ArgentinaEnPeru  //
EFILI,Embassy  in  the  Philippines,PHL,Embajada,https://www.facebook.com/ArgentinaEnFilipinas  //  https://www.instagram.com/argentinaenfilipinas/  //  https://twitter.com/ArgentinaEnFili  //
EPOLO,Embassy  in  Poland,POL,Embajada,https://www.facebook.com/Embajada-de-la-Rep%C3%BAblica-Argentina-en-Polonia-1726942037398853/  //
EPORT,Embassy  in  Portugal,PRT,Embajada,
CASUN,Consulate  General  in  Asuncion,PRY,Consulado,https://facebook.com/ArgentinaEnAsuncion //
CCEST,Consulate  General  in  Ciudad  del  Este,PRY,Consulado,https://www.facebook.com/ArgEnCiudaddeleste/  //  https://www.instagram.com/argenciudaddeleste  //
CENCA,Consulate  General  in  Encarnacion,PRY,Consulado,
EPARA,Embassy  in  Paraguay,PRY,Embajada,https://twitter.com/argenparaguay_  //  https://www.facebook.com/embajada.paraguay  //
REPAL,Representation  Office  in  the  State  of  Palestine,PSE,Embajada,https://www.facebook.com/ArgEnPalestina  //
EQATR,Embassy  in  Qatar,QAT,Embajada,https://twitter.com/embargenqatar  //  https://instagram.com/embargenqatar  //
ERUMA,Embassy  in  Romania,ROU,Embajada,https://www.facebook.com/ArgentinaEnRumania  //  https://www.instagram.com/argentinaenrumania  //
EFRUS,Embassy  in  Russia,RUS,Embajada,https://www.facebook.com/EMBAJADAARGENTINAENMOSCU  //  https://twitter.com/EmbArgRusia  //
EARAB,Embassy  in  Saudi  Arabia,SAU,Embajada,https://www.facebook.com/argentinaenarabiasaudita/  //  https://twitter.com/ensaudita  //  https://www.instagram.com/arginsaudi/  //
ESENE,Embassy  in  Senegal,SEN,Embajada,https://twitter.com/ARGenSenegal  //
ESING,Embassy  in  Singapore,SGP,Embajada,https://twitter.com/ARGinSingapore  //  https://instagram.com/argentine_embassy_singapore?igshid=YmMyMTA2M2Y=  //
ESALV,Embassy  in  El  Salvador,SLV,Embajada,https://twitter.com/ARGenElSalvador  //  https://www.facebook.com/ArgentinaEnElSalvador/  //  https://www.instagram.com/embargenelsalvador/  //
ESERB,Embassy  in  Serbia,SRB,Embajada,Facebook.com/ArgentinaEnSerbia  //  Instagram.com/ARGinSerbia  //
ESURI,Embassy  in  Suriname,SUR,Embajada,
ESUEC,Embassy  in  Sweden,SWE,Embajada,https://se.linkedin.com/showcase/arginsweden  //  https://www.facebook.com/arginsweden/  //  https://www.instagram.com/arginsweden/  //
ETAIL,Embassy  in  Thailand,THA,Embajada,https://www.facebook.com/ArgEnTailandiaBangkok/?tn-str=k*F  //
ETRIN,Embassy  in  Trinidad  and  Tobago,TTO,Embajada,www.facebook.com/ArgentinaEnTrinidadYTobago  //  arg_trinidad_tobago  //
ETUNE,Embassy  in  Tunisia,TUN,Embajada,https://www.facebook.com/ArgEnTunez/  //  https://www.twitter.com/EmbajadaTunez  //  https://www.instagram.com/embargentinatn  //  https://www.youtube.com/channel/UC8kSZug1SPHrp3r1hGzhjtg  //
CGEST,Consulate  General  and  Promotion  Center  in  Istambul,TUR,Consulado  General  y  Centro  de  Promoción,
ETURQ,Embassy  in  Türkiye,TUR,Embajada,https://facebook.com/Argentinaenturquia/  //  https://instagram.com/embargenturquia  //  https://twitter.com/ARGenTurquia  //
EUCRA,Embassy  in  Ukraine,UKR,Embajada,https://www.facebook.com/ArgentinaEnUcrania  //  https://www.instagram.com/argenucrania/  //
CMDEO,Consulate  General  in  Montevideo,URY,Consulado,https://www.facebook.com/ArgentinaEnMontevideo/  //
CCOLO,Consulate  in  Colonia,URY,Consulado,https://www.facebook.com/ArgentinaenColonia  //
CFBEN,Consulate  in  Fray  Bentos,URY,Consulado,
CMALD,Consulate  in  Maldonado,URY,Consulado,https://www.facebook.com/pg/ConsuladoArgentinoenMaldonado/posts/?ref=page_internal  //  https://www.instagram.com/consulado_argentino/  //
CPAYS,Consulate  in  Paysandu,URY,Consulado,
CSLTO,Consulate  in  Salto,URY,Consulado,https://instagram.com/consuladoargentinoensalto  //
EURUG,Embassy  in  Uruguay,URY,Embajada,https://twitter.com/ArgentinaEnUru  //  https://www.facebook.com/ArgentinaEnUru/  //  https://www.instagram.com/argentinaenuru/  //
EMSUR,Permanent  Mission  for  MERCOSUR  and  ALADI,URY,Misión  Permanente,
CLANG,Consulate  General  and  Promotion  Center  in  Los  Angeles,USA,Consulado  General  y  Centro  de  Promoción,https://www.facebook.com/ArgentinaEnLosAngeles/?ref=aymt_homepage_panel    //  https://instagram.com/arg_clang  //
CMIAM,Consulate  General  and  Promotion  Center  in  Miami,USA,Consulado  General  y  Centro  de  Promoción,https://es-la.facebook.com/consuladoargentino.miami/  //  https://instagram.com/consuladoargentinomia  //  https://twitter.com/argenmiami  //
CNYOR,Consulate  General  and  Promotion  Center  in  New  York,USA,Consulado  General  y  Centro  de  Promoción,https://www.facebook.com/ARGenNewYork  //  https://twitter.com/ARGenNewYork  //  https://www.instagram.com/argennewyork/  //  https://www.youtube.com/channel/UCJFygvT8lgEo1PrQqsHqMKg  //
CATLA,Consulate  General  in  Atlanta,USA,Consulado,
CCHIC,Consulate  General  in  Chicago,USA,Consulado,https://twitter.com/argenchicago  //  https://www.facebook.com/ArgentinaEnChicago  //  https://www.youtube.com/channel/UCjZ3a6zTr156aP_zg-1lQfQ/featured  //
CHOUS,Consulate  General  in  Houston,USA,Consulado,https://twitter.com/ARGenHouston  //  https://www.facebook.com/ArgentinaEnHouston/  //
EEEUU,Embassy  in  United  States,USA,Embajada,https://twitter.com/ARGinUSA  //  https://www.facebook.com/ARGinUSA/  //  https://www.instagram.com/ARGinUSA/  //  https://www.flickr.com/photos/ARGinUSA/  //  https://www.youtube.com/ARGinUSA  //  www.linkedin.com/in/ARGinUSA  //
EEOEA,Permanent  Mission  to  the  Organization  of  American  States,USA,Misión  Permanente,www.facebook.com/ARGenOEA/  //  www.instagram.com/argenoea/  //  www.twitter.com/ARGenOEA  //  www.youtube.com/channel/UCqjmCa0UfL3_I3Ovqz5ZAag/featured  //
ENAUN,Permanent  Mission  to  the  United  Nations,USA,Misión  Permanente,
EVIET,Embassy  in  Vietnam,VNM,Embajada,https://www.facebook.com/ArgentinaEnVietnam/  //  https://www.instagram.com/argenvietnam/  //
CJOHA,Consulate  General  in  Johannesburg,ZAF,Consulado,
ESAFR,Embassy  in  South  Africa,ZAF,Embajada,facebook.com/ArgenSudafrica  //  https://twitter.com/EmbArgentina  //  https://www.instagram.com/argentinaensudafrica  //