Nombre,Sede,Red Social,URL
Algeria,EARGE,facebook,facebook.com/ArgentinaEnArgelia
Algeria,EARGE,instagram,https://instagram.com/argenargelia
Algeria,EARGE,twitter,https://twitter.com/ARGenArgelia
Armenia,EARME,facebook,https://www.facebook.com/ArgentinaEnArmenia
Armenia,EARME,instagram,https://www.instagram.com/arginarmenia/
Armenia,EARME,twitter,https://twitter.com/ARGinArmenia
Australia,CSIDN,facebook,https://www.facebook.com/ArgentinaEnSidney
Australia,EAUST,facebook,https://www.facebook.com/ArgentinaEnAustralia/
Australia,EAUST,twitter,https://twitter.com/ARGinAustralia
Austria,ETRIA,facebook,https://www.facebook.com/ArgentinaEnAustria/
Austria,ETRIA,instagram,https://www.instagram.com/argenviena
Austria,ETRIA,twitter,https://twitter.com/ARGenViena
Azerbaijan,EAZER,facebook,https://www.facebook.com/EmbassyOfArgentina/
Azerbaijan,EAZER,instagram,www.instagram.com/embargentinaaz
Azerbaijan,EAZER,twitter,www.twitter.com/ARGEnAzer
Barbados,EBARB,facebook,https://www.facebook.com/ArgentinaEnBarbados
Belgium,EBELG,facebook,https://www.facebook.com/ArgentinaEnBelgica/
Belgium,EBELG,instagram,https://www.instagram.com/argenbelgica
Belgium,ECEUR,facebook,https://www.facebook.com/ARGanteUE
Belgium,ECEUR,flickr,https://www.flickr.com/people/197084220@N02
Belgium,ECEUR,linkedin,https://www.linkedin.com/company/arganteue
Belgium,ECEUR,twitter,https://twitter.com/ARGanteUE
Belgium,ECEUR,youtube,https://www.youtube.com/@ARGanteUE
Bolivia,CCOCH,facebook,wwww.facebook.com/ArgentinaEnCochabamba
Bolivia,CSCRS,facebook,www.facebook.com/ArgEnSantaCruz  de  la  Sierra
Bolivia,CVILL,facebook,https://www.facebook.com/ArgEnVillazon
Brazil,CALEG,facebook,https://www.facebook.com/ArgentinaEnPortoAlegre/
Brazil,CALEG,instagram,https://www.instagram.com/argenportoalegre
Brazil,CALEG,twitter,https://twitter.com/ArgPortoAlegre
Brazil,CBELO,facebook,https://www.facebook.com/ArgentinaEnBeloHorizonte/
Brazil,CBELO,instagram,https://www.instagram.com/consgralbelo
Brazil,CBELO,twitter,https://twitter.com/consgralbelo
Brazil,CCURI,facebook,https://www.facebook.com/ArgEnCuritiba/
Brazil,CCURI,instagram,https://instagram.com/argEncuritiba
Brazil,CCURI,twitter,https://twitter.com/ARGenCuri
Brazil,CFDIG,facebook,https://www.facebook.com/ArgentinaEnFozDeIguazu
Brazil,CFDIG,instagram,https://www.instagram.com/argentinaenfoz
Brazil,CFDIG,twitter,https://twitter.com/argentinaenfoz
Brazil,CFLOR,facebook,https://www.facebook.com/cflor.mrecic.gov.ar
Brazil,CRECI,facebook,https://www.facebook.com/ArgentinaEnBrasilRecife
Brazil,CRECI,instagram,https://www.instagram.com/consuladoargentinorecife
Brazil,CRIOJ,facebook,https://www.facebook.com/ArgentinaEnRiodeJaneiro
Brazil,CSBAH,facebook,https://www.facebook.com/ArgentinaenSalvador
Brazil,CSBAH,instagram,https://www.instagram.com/argentinaensalvador
Brazil,CSBAH,twitter,https://twitter.com/ArgentinaEnSSA
Brazil,CURUG,facebook,https://www.facebook.com/ArgEnUruguayana/
Brazil,CURUG,twitter,https://twitter.com/CURUGoK
Brazil,EBRAS,facebook,https://www.facebook.com/embargbrasil
Brazil,EBRAS,instagram,https://www.instagram.com/embaargenbrasil
Brazil,EBRAS,twitter,https://twitter.com/ArgentinaEnBras
Bulgaria,EBULG,facebook,https://www.facebook.com/ArgentinaEnBulgaria/
Bulgaria,EBULG,youtube,https://www.youtube.com/channel/UCK-uSxN84lEMqJwCviEjZow
Canada,CTORO,facebook,https://www.facebook.com/ArgentinaEnToronto/
Canada,CTORO,instagram,https://www.instagram.com/consuladoargtoronto
Canada,ECANA,facebook,https://www.facebook.com/ArgentinaInCanada
Canada,ECANA,instagram,https://www.instagram.com/argentinaincanada/
Canada,ECANA,linkedin,https://www.linkedin.com/company/argentinaincanada
Canada,ECANA,twitter,https://twitter.com/ArginCanada
Canada,ECANA,youtube,https://www.youtube.com/channel/UC77DGXZ2ppExRtV4WS4IV-A
Chile,CANTO,facebook,https://www.facebook.com/Consulado-de-la-Rep%C3%BAblica-Argentina-en-Antofagasta-255728465291743
Chile,CAREN,facebook,https://www.facebook.com/profile.php?id=100014152878593
Chile,CPMON,facebook,https://www.facebook.com/ArgentinaEnPuertoMontt
Chile,CVALP,facebook,https://www.facebook.com/ArgentinaEnValparaiso
Chile,EHILE,facebook,https://www.facebook.com/EmbArgentinaEnChile
Chile,EHILE,instagram,https://www.instagram.com/embargenchile
Chile,EHILE,twitter,https://twitter.com/EmbArgEnChile
Colombia,ECOLO,facebook,https://www.facebook.com/ArgColombia/?ref=bookmarks
Costa Rica,ERICA,facebook,https://www.facebook.com/argentinaencostarica
Cuba,ECUBA,facebook,https://www.facebook.com/ArgentinaEnCubaLaHabana
Czechia,ECHES,facebook,https://www.facebook.com/ArgentinaEnRepCheca/
Czechia,ECHES,instagram,https://www.instagram.com/argentinaenpraga
Denmark,EDINA,facebook,https://www.facebook.com/EmbajadadeArgentinaenDinamarca
Dominican Republic,EDOMI,facebook,https://es-la.facebook.com/ArgentinaEnRepublicaDominicana
Ecuador,EECUA,facebook,https://www.facebook.com/Argentina-en-Ecuador-772092829594964/?ref=bookmarks
Ecuador,EECUA,instagram,https://instagram.com/argentinaenecuador?igshid=1pzlw4ojakxjh
Ecuador,EECUA,youtube,https://www.youtube.com/channel/UC7FnoaJNif8jQLyBb4QDKng
"Egypt, Arab Rep.",EEGIP,facebook,facebook.com/ArgentinaenEgipto
"Egypt, Arab Rep.",EEGIP,instagram,instagram.com/argenegipto/
"Egypt, Arab Rep.",EEGIP,twitter,twitter.com/ARGenEgipto
El Salvador,ESALV,facebook,https://www.facebook.com/ArgentinaEnElSalvador/
El Salvador,ESALV,instagram,https://www.instagram.com/embargenelsalvador
El Salvador,ESALV,twitter,https://twitter.com/ARGenElSalvador
Ethiopia,EETIO,facebook,https://www.facebook.com/ArgEnEtiopia/
Ethiopia,EETIO,instagram,https://www.instagram.com/embaargenetiopia
Finland,EFINL,facebook,www.facebook.com/ArgentinaEnFinlandia/
Finland,EFINL,instagram,www.instagram.com/argenfinlandia
France,EFRAN,facebook,https://www.facebook.com/ArgentinaEnFrancia
France,EUNES,facebook,https://www.facebook.com/delegation.argentine
France,EUNES,twitter,https://twitter.com/ArgentinaUNESCO
Germany,CBONN,facebook,https://www.facebook.com/ConsuladoArgentinoenBonn
Germany,CBONN,instagram,http://www.instagram.com/consulado.argentino.bonn
Germany,EALEM,facebook,https://www.facebook.com/ArgEnAlemania
Greece,EGREC,facebook,https://www.facebook.com/ArgentinaEnGrecia
Greece,EGREC,youtube,https://www.youtube.com/channel/UCFaKsErEs33zEdzJbnrzOog/featured
Hungary,EUNGR,facebook,https://www.facebook.com/ArgentinaEnHungria
India,CGMUM,facebook,https://www.facebook.com/argenmumbai
India,CGMUM,instagram,https://www.instagram.com/argenmumbai
India,CGMUM,twitter,https://twitter.com/cgmum1
India,EINDI,facebook,https://www.facebook.com/ArgentinaEnInd
India,EINDI,instagram,https://www.instagram.com/argentinaenind
India,EINDI,twitter,https://twitter.com/ArgentinaEnInd
Ireland,EIRLA,facebook,https://www.facebook.com/ArgentinaEnIrlanda/
Ireland,EIRLA,instagram,https://www.instagram.com/embajadaargentinairlanda
Israel,CGTEL,facebook,https://www.facebook.com/ArgentinaEnIsrael
Israel,EISRA,facebook,https://www.facebook.com/ArgEnIsrael
Israel,EISRA,twitter,https://twitter.com/argenisrael
Italy,CMILA,facebook,https://www.facebook.com/ConsuladoArgentinoenMilan
Italy,CMILA,instagram,https://www.instagram.com/consuladoargentinoenmilan/
Italy,CMILA,youtube,https://www.youtube.com/channel/UCZdYeN4gttYEyX15xxkUNWQ
Italy,EITAL,facebook,https://es-la.facebook.com/emb.roma/
Italy,EITAL,instagram,https://www.instagram.com/arginitalia/?hl=es
Italy,EITAL,twitter,https://twitter.com/arginitalia?lang=es
Jamaica,EJAMA,facebook,https://www.facebook.com/ArgentinaEnJamaica/
Jamaica,EJAMA,twitter,https://twitter.com/ARGenJamaica
Japan,EJAPO,facebook,https://www.facebook.com/ArgJapon/?ref=bookmarks
Kenya,EKENY,facebook,www.facebook.com/ArgentinaEnKenia
Kenya,EKENY,instagram,https://www.instagram.com/argenkenya
"Korea, Rep.",ECORE,facebook,https://www.facebook.com/ArgentinaEnCorea/
"Korea, Rep.",ECORE,instagram,https://www.instagram.com/embajadaargentinaencorea1/?hl=es
Kuwait,EKUWA,facebook,www.facebook.com/ArgentinaenKuwait
Malaysia,EMSIA,facebook,https://www.facebook.com/ArgentinaEnMalasia
Mexico,EMEXI,facebook,https://www.facebook.com/ARGenMexico/
Mexico,EMEXI,instagram,https://www.instagram.com/embargenmexico/
Mexico,EMEXI,twitter,https://twitter.com/@ARGenMexico
Mexico,EMEXI,youtube,https://www.youtube.com/user/EmbaArgenMX
Morocco,EMARR,instagram,https://www.instagram.com/marruecos.embajada/
Morocco,EMARR,twitter,https://twitter.com/ArgMarruecos
Mozambique,EMOZA,facebook,https://www.facebook.com/ArgentinaEnMozambique/
Netherlands,EPBAJ,facebook,https://www.facebook.com/ArgEnPaisesBajos/
Netherlands,EPBAJ,twitter,https://twitter.com/ArgentinaEnPB
Nigeria,ENIGE,facebook,https://www.facebook.com/ArgentinaEnNigeria/
Nigeria,ENIGE,instagram,https://www.instagram.com/embargennigeria/?igshid=f0laoeu8lhv8
Norway,ENORU,facebook,https://www.facebook.com/ArgentinaEnNoruega/
Norway,ENORU,instagram,https://www.instagram.com/ARGenNoruega
Pakistan,EPAKI,twitter,https://twitter.com/EmbajadadeArge1
Paraguay,CCEST,facebook,https://www.facebook.com/ArgEnCiudaddeleste/
Paraguay,CCEST,instagram,https://www.instagram.com/argenciudaddeleste
Paraguay,EPARA,facebook,https://www.facebook.com/embajada.paraguay
Paraguay,EPARA,twitter,https://twitter.com/argenparaguay_
Peru,EPERU,facebook,https://www.facebook.com/ArgentinaEnPeru
Peru,EPERU,twitter,https://twitter.com/Emb_Arg_Peru
Philippines,EFILI,facebook,https://www.facebook.com/ArgentinaEnFilipinas
Philippines,EFILI,instagram,https://www.instagram.com/argentinaenfilipinas/
Philippines,EFILI,twitter,https://twitter.com/ArgentinaEnFili
Poland,EPOLO,facebook,https://www.facebook.com/Embajada-de-la-Rep%C3%BAblica-Argentina-en-Polonia-1726942037398853
Romania,ERUMA,facebook,https://www.facebook.com/ArgentinaEnRumania
Romania,ERUMA,instagram,https://www.instagram.com/argentinaenrumania
Russian Federation,EFRUS,facebook,https://www.facebook.com/EMBAJADAARGENTINAENMOSCU
Russian Federation,EFRUS,twitter,https://twitter.com/EmbArgRusia
Saudi Arabia,EARAB,facebook,https://www.facebook.com/argentinaenarabiasaudita/
Saudi Arabia,EARAB,instagram,https://www.instagram.com/arginsaudi
Saudi Arabia,EARAB,twitter,https://twitter.com/ensaudita
Singapore,ESING,instagram,https://instagram.com/argentine_embassy_singapore?igshid=YmMyMTA2M2Y=
Singapore,ESING,twitter,https://twitter.com/ARGinSingapore
South Africa,ESAFR,facebook,facebook.com/ArgenSudafrica
South Africa,ESAFR,instagram,https://www.instagram.com/argentinaensudafrica
South Africa,ESAFR,twitter,https://twitter.com/EmbArgentina
Spain,CBARC,facebook,facebook.com/ArgEnBarcelona
Spain,CBARC,instagram,instagram.com/argenbarcelona
Spain,CBARC,linkedin,linkedin.com/company/consulado-y-centro-de-promoci%C3%B3n-de-la-republica-argentina-en-barcelona/mycompany
Spain,CBARC,twitter,twitter.com/ARGenBarcelona
Spain,CCADI,facebook,www.facebook.com/ArgentinaEnCadiz
Spain,CMADR,facebook,https://www.facebook.com/ArgentinaEnMadridEsp
Spain,CMALL,facebook,https://www.facebook.com/ArgentinaEnPalmaDeMallorca
Spain,CTENE,facebook,www.facebook.com/argentinaentenerife
Spain,CVIGO,facebook,facebook.com/ArgentinaenVigo
Spain,CVIGO,instagram,https://www.instagram.com/argenvigo
Spain,EESPA,facebook,https://www.facebook.com/argenespa/
Spain,EESPA,instagram,https://www.instagram.com/argenespa
Spain,EESPA,twitter,https://twitter.com/ARGenesp
Sweden,ESUEC,facebook,https://www.facebook.com/arginsweden/
Sweden,ESUEC,instagram,https://www.instagram.com/arginsweden
Sweden,ESUEC,linkedin,https://se.linkedin.com/showcase/arginsweden
Switzerland,EOIRS,facebook,https://www.facebook.com/ArgentinaEnGinebra
Switzerland,EOIRS,instagram,www.instagram.com/misionargentinaonu
Switzerland,EOIRS,twitter,https://twitter.com/ArgentinaONUOMC  
Switzerland,EOIRS,youtube,https://www.youtube.com/channel/UCSOsChik8j7nFJZnPq6K7Ag
Thailand,ETAIL,facebook,https://www.facebook.com/ArgEnTailandiaBangkok/?tn-str=k*F
Trinidad and Tobago,ETRIN,facebook,www.facebook.com/ArgentinaEnTrinidadYTobago
Tunisia,ETUNE,facebook,https://www.facebook.com/ArgEnTunez/
Tunisia,ETUNE,instagram,https://www.instagram.com/embargentinatn
Tunisia,ETUNE,twitter,https://www.twitter.com/EmbajadaTunez
Tunisia,ETUNE,youtube,https://www.youtube.com/channel/UC8kSZug1SPHrp3r1hGzhjtg
Ukraine,EUCRA,facebook,https://www.facebook.com/ArgentinaEnUcrania
Ukraine,EUCRA,instagram,https://www.instagram.com/argenucrania
United Arab Emirates,EEARB,facebook,https://www.facebook.com/ArgentinaEnEmiratosArabesUnidos
United Kingdom,CLOND,instagram,https://www.instagram.com/consuladoargentinoenlondres
United Kingdom,ERUNI,facebook,https://www.facebook.com/ARGinUK/
United Kingdom,ERUNI,flickr,https://www.flickr.com/photos/138300767@N07/albums
United Kingdom,ERUNI,instagram,https://www.instagram.com/arginuk/
United Kingdom,ERUNI,twitter,https://twitter.com/ARGinUK
United Kingdom,ERUNI,youtube,https://www.youtube.com/channel/UCzaGU10f-77SR56kini9-1g/videos?view_as=subscriber
United States,CCHIC,facebook,https://www.facebook.com/ArgentinaEnChicago
United States,CCHIC,twitter,https://twitter.com/argenchicago
United States,CCHIC,youtube,https://www.youtube.com/channel/UCjZ3a6zTr156aP_zg-1lQfQ/featured
United States,CHOUS,facebook,https://www.facebook.com/ArgentinaEnHouston
United States,CLANG,facebook,https://www.facebook.com/ArgentinaEnLosAngeles/?ref=aymt_homepage_panel  
United States,CMIAM,facebook,https://es-la.facebook.com/consuladoargentino.miami/
United States,CNYOR,facebook,https://www.facebook.com/ARGenNewYork
United States,CNYOR,instagram,https://www.instagram.com/argennewyork/
United States,CNYOR,twitter,https://twitter.com/ARGenNewYork
United States,CNYOR,youtube,https://www.youtube.com/channel/UCJFygvT8lgEo1PrQqsHqMKg
United States,EEEUU,facebook,https://www.facebook.com/ARGinUSA/
United States,EEEUU,flickr,https://www.flickr.com/photos/ARGinUSA/
United States,EEEUU,instagram,https://www.instagram.com/ARGinUSA/
United States,EEEUU,linkedin,www.linkedin.com/in/ARGinUSA
United States,EEEUU,twitter,https://twitter.com/ARGinUSA
United States,EEEUU,youtube,https://www.youtube.com/ARGinUSA
United States,EEOEA,facebook,www.facebook.com/ARGenOEA/
United States,EEOEA,instagram,www.instagram.com/argenoea/
United States,EEOEA,twitter,www.twitter.com/ARGenOEA
United States,EEOEA,youtube,www.youtube.com/channel/UCqjmCa0UfL3_I3Ovqz5ZAag/featured
Uruguay,CCOLO,facebook,https://www.facebook.com/ArgentinaenColonia
Uruguay,CMALD,facebook,https://www.facebook.com/pg/ConsuladoArgentinoenMaldonado/posts/?ref=page_internal
Uruguay,CMALD,instagram,https://www.instagram.com/consulado_argentino
Uruguay,CMDEO,facebook,https://www.facebook.com/ArgentinaEnMontevideo
Uruguay,EURUG,facebook,https://www.facebook.com/ArgentinaEnUru/
Uruguay,EURUG,instagram,https://www.instagram.com/argentinaenuru
Uruguay,EURUG,twitter,https://twitter.com/ArgentinaEnUru
Viet Nam,EVIET,facebook,https://www.facebook.com/ArgentinaEnVietnam/
Viet Nam,EVIET,instagram,https://www.instagram.com/argenvietnam
West Bank and Gaza,REPAL,facebook,https://www.facebook.com/ArgEnPalestina
